<?xml version="1.0" encoding="utf-8"?>
<android.support.constraint.ConstraintLayout xmlns:android="http://schemas.android.com/apk/res/android"
    xmlns:app="http://schemas.android.com/apk/res-auto"
    xmlns:tools="http://schemas.android.com/tools"
    android:layout_width="match_parent"
    android:layout_height="match_parent"
    tools:context=".MainActivity">

    <LinearLayout
        android:layout_width="fill_parent"
        android:layout_height="fill_parent"
        android:layout_alignParentLeft="true"
        android:layout_alignParentTop="true"
        android:layout_marginLeft="10dp"
        android:layout_marginTop="10dp"
        android:orientation="vertical" >

        <LinearLayout
            android:layout_width="match_parent"
            android:layout_height="wrap_content" >

            <TextView
                android:id="@+id/TextView04"
                android:layout_width="wrap_content"
                android:layout_height="wrap_content"
                android:text="X" />

            <LinearLayout
                android:layout_width="fill_parent"
                android:layout_height="wrap_content"
                android:gravity="end"
                android:orientation="horizontal" >

                <TextView
                    android:id="@+id/tvX"
                    android:layout_width="wrap_content"
                    android:layout_height="wrap_content"
                    android:text="0" />

            </LinearLayout>

        </LinearLayout>

        <LinearLayout
            android:layout_width="match_parent"
            android:layout_height="wrap_content" >

            <TextView
                android:id="@+id/TextView02"
                android:layout_width="wrap_content"
                android:layout_height="wrap_content"
                android:text="Y" />

            <LinearLayout
                android:layout_width="fill_parent"
                android:layout_height="wrap_content"
                android:gravity="end"
                android:orientation="horizontal" >

                <TextView
                    android:id="@+id/tvY"
                    android:layout_width="wrap_content"
                    android:layout_height="wrap_content"
                    android:text="0" />
            </LinearLayout>

        </LinearLayout>

        <LinearLayout
            android:layout_width="match_parent"
            android:layout_height="wrap_content" >

            <TextView
                android:id="@+id/textView1"
                android:layout_width="wrap_content"
                android:layout_height="wrap_content"
                android:text="Z" />

            <LinearLayout
                android:layout_width="fill_parent"
                android:layout_height="wrap_content"
                android:gravity="end"
                android:orientation="horizontal" >

                <TextView
                    android:id="@+id/tvZ"
                    android:layout_width="wrap_content"
                    android:layout_height="wrap_content"
                    android:text="0" />
            </LinearLayout>

        </LinearLayout>

        <Button
            android:id="@+id/btnAjouter"
            android:layout_width="fill_parent"
            android:layout_height="wrap_content"
            android:text="Ajouter" />

        <Button
            android:id="@+id/btnVider"
            android:layout_width="fill_parent"
            android:layout_height="wrap_content"
            android:text="Vider" />

        <ScrollView
            android:id="@+id/scrollView1"
            android:layout_width="match_parent"
            android:layout_height="fill_parent" >

            <LinearLayout
                android:layout_width="match_parent"
                android:layout_height="match_parent"
                android:orientation="vertical" >

                <EditText
                    android:id="@+id/edList"
                    android:layout_width="match_parent"
                    android:layout_height="wrap_content"
                    android:ems="10"
                    android:focusable="false" >


                </EditText>

            </LinearLayout>
        </ScrollView>

    </LinearLayout>

</android.support.constraint.ConstraintLayout>
