<RelativeLayout xmlns:android="http://schemas.android.com/apk/res/android"
    xmlns:tools="http://schemas.android.com/tools"
    android:layout_width="match_parent"
    android:layout_height="match_parent"
    tools:context=".MainActivity" >

    <LinearLayout
        android:id="@+id/linearLayout1"
        android:layout_width="wrap_content"
        android:layout_height="wrap_content"
        android:orientation="vertical" >

        <LinearLayout
            android:layout_width="match_parent"
            android:layout_height="wrap_content" >

            <SeekBar
                android:id="@+id/seekBar"
                android:layout_width="254dp"
                android:layout_height="wrap_content" />
        </LinearLayout>

        <LinearLayout
            android:layout_width="match_parent"
            android:layout_height="wrap_content" >

            <SeekBar
                android:id="@+id/seekBar1"
                android:layout_width="match_parent"
                android:layout_height="wrap_content"
                android:layout_weight="1" />
        </LinearLayout>

        <LinearLayout
            android:layout_width="match_parent"
            android:layout_height="wrap_content" >

            <SeekBar
                android:id="@+id/seekBar2"
                android:layout_width="match_parent"
                android:layout_height="wrap_content"
                android:layout_weight="1" />
        </LinearLayout>

        <LinearLayout
            android:layout_width="match_parent"
            android:layout_height="wrap_content" >

            <SeekBar
                android:id="@+id/seekBar3"
                android:layout_width="match_parent"
                android:layout_height="wrap_content"
                android:layout_weight="1" />
        </LinearLayout>

        <LinearLayout
            android:layout_width="match_parent"
            android:layout_height="wrap_content" >

            <SeekBar
                android:id="@+id/seekBar4"
                android:layout_width="match_parent"
                android:layout_height="wrap_content"
                android:layout_weight="1" />
        </LinearLayout>

        <LinearLayout
            android:layout_width="match_parent"
            android:layout_height="wrap_content" >

            <SeekBar
                android:id="@+id/seekBar5"
                android:layout_width="match_parent"
                android:layout_height="wrap_content"
                android:layout_weight="1" />
        </LinearLayout>

        <LinearLayout
            android:layout_width="match_parent"
            android:layout_height="wrap_content" >

            <SeekBar
                android:id="@+id/seekBar6"
                android:layout_width="match_parent"
                android:layout_height="wrap_content"
                android:layout_weight="1" />
        </LinearLayout>

        <LinearLayout
            android:layout_width="match_parent"
            android:layout_height="wrap_content" >

        </LinearLayout>

        <LinearLayout
            android:layout_width="match_parent"
            android:layout_height="wrap_content"
            android:orientation="vertical" >

            <Button
                android:id="@+id/btnConnecter"
                android:layout_width="match_parent"
                android:layout_height="wrap_content"
                android:text="Connecter" />

            <LinearLayout
                android:layout_width="match_parent"
                android:layout_height="wrap_content" >

                <TextView
                    android:id="@+id/textView1"
                    android:layout_width="80dp"
                    android:layout_height="wrap_content"
                    android:text="Adr Serveur" />

                <EditText
                    android:id="@+id/edAdresse"
                    android:layout_width="wrap_content"
                    android:layout_height="wrap_content"
                    android:layout_weight="1"
                    android:ems="10" >

                    <requestFocus />
                </EditText>

            </LinearLayout>

            <LinearLayout
                android:layout_width="match_parent"
                android:layout_height="wrap_content" >

                <TextView
                    android:id="@+id/textView2"
                    android:layout_width="80dp"
                    android:layout_height="wrap_content"
                    android:text="Port" />

                <EditText
                    android:id="@+id/edPort"
                    android:layout_width="wrap_content"
                    android:layout_height="wrap_content"
                    android:layout_weight="1"
                    android:ems="10"
                    android:inputType="number" />

            </LinearLayout>

        </LinearLayout>

    </LinearLayout>

</RelativeLayout>